cluster_no,hsv_no,pose_no,width,height,ratio,file_name,duration,object
cc101_p1_t0_om1,"{'background_hsv_bins': [], 'object_hsv_bins': [1]}",1,1262,1080,1.169,output_folder__thegym_arms_600s_oneshot2_moved_foldersclustercc101_p1_t0_om1_1787508223.5895429_p30_st1_ct8_fr579.mp4,57.867,[]
cc102_p1_t0,"{'background_hsv_bins': [], 'object_hsv_bins': []}",1,1080,1080,1.0,output_folder__thegym_arms_600s_oneshot2_moved_foldersclustercc102_p1_t0_1787508223.694087_p31_st1_ct8_fr403.mp4,40.267,[]
cc114_p7_t0,"{'background_hsv_bins': [], 'object_hsv_bins': []}",7,1080,1080,1.0,output_folder__thegym_arms_600s_oneshot2_moved_foldersclustercc114_p7_t0_1787508223.720468_p35_st1_ct8_fr179.mp4,17.867,[67]
cc118_p1_t0_om1,"{'background_hsv_bins': [], 'object_hsv_bins': [1]}",1,1262,1080,1.169,output_folder__thegym_arms_600s_oneshot2_moved_foldersclustercc118_p1_t0_om1_1787508223.727674_p30_st1_ct8_fr584.mp4,58.367,[]
cc124_p1_t0_om1,"{'background_hsv_bins': [], 'object_hsv_bins': [1]}",1,924,1080,0.856,output_folder__thegym_arms_600s_oneshot2_moved_foldersclustercc124_p1_t0_om1_1787508223.7468789_p30_st1_ct8_fr576.mp4,57.567,[]
cc131_p1_t0_om1,"{'background_hsv_bins': [], 'object_hsv_bins': [1]}",1,1080,1080,1.0,output_folder__thegym_arms_600s_oneshot2_moved_foldersclustercc131_p1_t0_om1_1787508223.750054_p30_st1_ct8_fr582.mp4,58.167,[]
cc137_p1_t0,"{'background_hsv_bins': [], 'object_hsv_bins': []}",1,924,1080,0.856,output_folder__thegym_arms_600s_oneshot2_moved_foldersclustercc137_p1_t0_1787508223.752083_p30_st1_ct8_fr548.mp4,54.767,[]
cc138_p1_t0,"{'background_hsv_bins': [], 'object_hsv_bins': []}",1,1080,1080,1.0,output_folder__thegym_arms_600s_oneshot2_moved_foldersclustercc138_p1_t0_1787508223.754747_p31_st1_ct8_fr563.mp4,56.267,[]
cc143_p1_t0_om1,"{'background_hsv_bins': [], 'object_hsv_bins': [1]}",1,862,1080,0.798,output_folder__thegym_arms_600s_oneshot2_moved_foldersclustercc143_p1_t0_om1_1787508223.757473_p30_st1_ct8_fr585.mp4,58.467,[]
cc154_p1_t0,"{'background_hsv_bins': [], 'object_hsv_bins': []}",1,924,1080,0.856,output_folder__thegym_arms_600s_oneshot2_moved_foldersclustercc154_p1_t0_1787508223.7589571_p30_st1_ct8_fr485.mp4,48.467,[]
cc157_p1_t0_om1,"{'background_hsv_bins': [], 'object_hsv_bins': [1]}",1,1080,1080,1.0,output_folder__thegym_arms_600s_oneshot2_moved_foldersclustercc157_p1_t0_om1_1787508243.502414_p30_st1_ct8_fr585.mp4,58.467,[]
cc157_p1_t0_om2,"{'background_hsv_bins': [], 'object_hsv_bins': [2]}",1,862,1080,0.798,output_folder__thegym_arms_600s_oneshot2_moved_foldersclustercc157_p1_t0_om2_1787508995.333952_p30_st1_ct8_fr579.mp4,57.867,[]
cc158_p1_t0,"{'background_hsv_bins': [], 'object_hsv_bins': []}",1,1080,1080,1.0,output_folder__thegym_arms_600s_oneshot2_moved_foldersclustercc158_p1_t0_1787509240.6336079_p30_st1_ct8_fr330.mp4,32.967,[]
cc159_p217_t0,"{'background_hsv_bins': [], 'object_hsv_bins': []}",217,718,1080,0.665,output_folder__thegym_arms_600s_oneshot2_moved_foldersclustercc159_p217_t0_1787509429.11267_p35_st1_ct8_fr143.mp4,14.267,[1]
cc160_p1_t0_om1,"{'background_hsv_bins': [], 'object_hsv_bins': [1]}",1,1080,1080,1.0,output_folder__thegym_arms_600s_oneshot2_moved_foldersclustercc160_p1_t0_om1_1787509431.740182_p30_st1_ct8_fr579.mp4,57.867,[]
cc161_p1_t0,"{'background_hsv_bins': [], 'object_hsv_bins': []}",1,1080,1080,1.0,output_folder__thegym_arms_600s_oneshot2_moved_foldersclustercc161_p1_t0_1787509466.786221_p31_st1_ct8_fr381.mp4,38.067,[]
cc162_p1_t0,"{'background_hsv_bins': [], 'object_hsv_bins': []}",1,1262,1080,1.169,output_folder__thegym_arms_600s_oneshot2_moved_foldersclustercc162_p1_t0_1787509480.121805_p30_st1_ct8_fr452.mp4,45.167,[]
cc171_p1_t0,"{'background_hsv_bins': [], 'object_hsv_bins': []}",1,1080,1080,1.0,output_folder__thegym_arms_600s_oneshot2_moved_foldersclustercc171_p1_t0_1787509487.325902_p30_st1_ct8_fr483.mp4,48.267,[]
cc177_p1_t0,"{'background_hsv_bins': [], 'object_hsv_bins': []}",1,924,1080,0.856,output_folder__thegym_arms_600s_oneshot2_moved_foldersclustercc177_p1_t0_1787509508.934625_p30_st1_ct8_fr579.mp4,57.867,[]
cc180_p1_t0,"{'background_hsv_bins': [], 'object_hsv_bins': []}",1,1080,1080,1.0,output_folder__thegym_arms_600s_oneshot2_moved_foldersclustercc180_p1_t0_1787509525.61254_p30_st1_ct8_fr522.mp4,52.167,[]
cc187_p1_t0,"{'background_hsv_bins': [], 'object_hsv_bins': []}",1,810,1080,0.75,output_folder__thegym_arms_600s_oneshot2_moved_foldersclustercc187_p1_t0_1787509565.236303_p30_st1_ct8_fr464.mp4,46.367,[]
cc191_p1_t0_om1,"{'background_hsv_bins': [], 'object_hsv_bins': [1]}",1,1080,1080,1.0,output_folder__thegym_arms_600s_oneshot2_moved_foldersclustercc191_p1_t0_om1_1787509707.567724_p30_st1_ct8_fr576.mp4,57.567,[]
cc194_p1_t0_om1,"{'background_hsv_bins': [], 'object_hsv_bins': [1]}",1,1080,1080,1.0,output_folder__thegym_arms_600s_oneshot2_moved_foldersclustercc194_p1_t0_om1_1787509868.4867342_p30_st1_ct8_fr574.mp4,57.367,[]
cc194_p1_t0_om2,"{'background_hsv_bins': [], 'object_hsv_bins': [2]}",1,1080,1080,1.0,output_folder__thegym_arms_600s_oneshot2_moved_foldersclustercc194_p1_t0_om2_1787510130.0570061_p30_st1_ct8_fr570.mp4,56.967,[]
cc198_p1_t0_om1,"{'background_hsv_bins': [], 'object_hsv_bins': [1]}",1,718,1080,0.665,output_folder__thegym_arms_600s_oneshot2_moved_foldersclustercc198_p1_t0_om1_1787510267.639406_p30_st1_ct8_fr578.mp4,57.767,[]
cc201_p1_t0,"{'background_hsv_bins': [], 'object_hsv_bins': []}",1,1080,1080,1.0,output_folder__thegym_arms_600s_oneshot2_moved_foldersclustercc201_p1_t0_1787510468.74298_p31_st1_ct8_fr443.mp4,44.267,[]
cc205_p604_t0,"{'background_hsv_bins': [], 'object_hsv_bins': []}",604,924,1080,0.856,output_folder__thegym_arms_600s_oneshot2_moved_foldersclustercc205_p604_t0_1787510579.088524_p31_st1_ct8_fr188.mp4,18.767,[39]
cc235_p1_t0_om1,"{'background_hsv_bins': [], 'object_hsv_bins': [1]}",1,924,1080,0.856,output_folder__thegym_arms_600s_oneshot2_moved_foldersclustercc235_p1_t0_om1_1787510595.412997_p30_st1_ct8_fr585.mp4,58.467,[]
cc236_p1_t0_om1,"{'background_hsv_bins': [], 'object_hsv_bins': [1]}",1,924,1080,0.856,output_folder__thegym_arms_600s_oneshot2_moved_foldersclustercc236_p1_t0_om1_1787510637.1876411_p30_st1_ct8_fr586.mp4,58.567,[]
cc239_p1_t0_om1,"{'background_hsv_bins': [], 'object_hsv_bins': [1]}",1,1080,1080,1.0,output_folder__thegym_arms_600s_oneshot2_moved_foldersclustercc239_p1_t0_om1_1787510706.660939_p30_st1_ct8_fr575.mp4,57.467,[]
cc253_p1_t0_om1,"{'background_hsv_bins': [], 'object_hsv_bins': [1]}",1,1080,1080,1.0,output_folder__thegym_arms_600s_oneshot2_moved_foldersclustercc253_p1_t0_om1_1787510707.0465128_p30_st1_ct8_fr587.mp4,58.667,[]
cc272_p1_t0_om1,"{'background_hsv_bins': [], 'object_hsv_bins': [1]}",1,924,1080,0.856,output_folder__thegym_arms_600s_oneshot2_moved_foldersclustercc272_p1_t0_om1_1787510929.2325308_p30_st1_ct8_fr580.mp4,57.967,[]
cc279_p1_t0,"{'background_hsv_bins': [], 'object_hsv_bins': []}",1,1080,1080,1.0,output_folder__thegym_arms_600s_oneshot2_moved_foldersclustercc279_p1_t0_1787510993.723767_p31_st1_ct8_fr473.mp4,47.267,[]
cc27_p1_t0,"{'background_hsv_bins': [], 'object_hsv_bins': []}",1,924,1080,0.856,output_folder__thegym_arms_600s_oneshot2_moved_foldersclustercc27_p1_t0_1787511034.757479_p30_st1_ct8_fr550.mp4,54.967,[]
cc287_p1_t0,"{'background_hsv_bins': [], 'object_hsv_bins': []}",1,1080,1080,1.0,output_folder__thegym_arms_600s_oneshot2_moved_foldersclustercc287_p1_t0_1787511332.620672_p31_st1_ct8_fr500.mp4,49.967,[]
cc293_p1_t0_om1,"{'background_hsv_bins': [], 'object_hsv_bins': [1]}",1,1080,1080,1.0,output_folder__thegym_arms_600s_oneshot2_moved_foldersclustercc293_p1_t0_om1_1787511450.207535_p30_st1_ct8_fr579.mp4,57.867,[]
cc299_p1_t0_om1,"{'background_hsv_bins': [], 'object_hsv_bins': [1]}",1,1080,1080,1.0,output_folder__thegym_arms_600s_oneshot2_moved_foldersclustercc299_p1_t0_om1_1787511485.9967942_p30_st1_ct8_fr581.mp4,58.067,[]
cc2_p25_t0,"{'background_hsv_bins': [], 'object_hsv_bins': []}",25,1080,1080,1.0,output_folder__thegym_arms_600s_oneshot2_moved_foldersclustercc2_p25_t0_1787511631.699627_p30_st1_ct8_fr154.mp4,15.367,[67]
cc301_p1_t0_om1,"{'background_hsv_bins': [], 'object_hsv_bins': [1]}",1,924,1080,0.856,output_folder__thegym_arms_600s_oneshot2_moved_foldersclustercc301_p1_t0_om1_1787511874.258791_p30_st1_ct8_fr580.mp4,57.967,[]
cc302_p1_t0,"{'background_hsv_bins': [], 'object_hsv_bins': []}",1,1262,1080,1.169,output_folder__thegym_arms_600s_oneshot2_moved_foldersclustercc302_p1_t0_1787511889.87006_p31_st1_ct8_fr439.mp4,43.867,[]
cc305_p310_t0,"{'background_hsv_bins': [], 'object_hsv_bins': []}",310,862,1080,0.798,output_folder__thegym_arms_600s_oneshot2_moved_foldersclustercc305_p310_t0_1787511987.435102_p34_st1_ct8_fr174.mp4,17.367,[86]
cc306_p1_t0_om1,"{'background_hsv_bins': [], 'object_hsv_bins': [1]}",1,1354,1080,1.254,output_folder__thegym_arms_600s_oneshot2_moved_foldersclustercc306_p1_t0_om1_1787511993.008003_p30_st1_ct8_fr571.mp4,57.067,[]
cc308_p7_t0,"{'background_hsv_bins': [], 'object_hsv_bins': []}",7,718,1080,0.665,output_folder__thegym_arms_600s_oneshot2_moved_foldersclustercc308_p7_t0_1787512029.230444_p33_st1_ct8_fr168.mp4,16.767,[67]
cc309_p217_t0,"{'background_hsv_bins': [], 'object_hsv_bins': []}",217,810,1080,0.75,output_folder__thegym_arms_600s_oneshot2_moved_foldersclustercc309_p217_t0_1787512074.493282_p32_st1_ct8_fr193.mp4,19.267,[1]
cc322_p7_t0,"{'background_hsv_bins': [], 'object_hsv_bins': []}",7,862,1080,0.798,output_folder__thegym_arms_600s_oneshot2_moved_foldersclustercc322_p7_t0_1787512191.157533_p30_st1_ct8_fr150.mp4,14.967,[67]
cc326_p217_t0,"{'background_hsv_bins': [], 'object_hsv_bins': []}",217,924,1080,0.856,output_folder__thegym_arms_600s_oneshot2_moved_foldersclustercc326_p217_t0_1787512367.36365_p34_st1_ct8_fr136.mp4,13.567,[1]
cc326_p232_t0,"{'background_hsv_bins': [], 'object_hsv_bins': []}",232,1444,1080,1.337,output_folder__thegym_arms_600s_oneshot2_moved_foldersclustercc326_p232_t0_1787512448.078581_p31_st1_ct8_fr190.mp4,18.967,[37]
cc326_p807_t0,"{'background_hsv_bins': [], 'object_hsv_bins': []}",807,810,1080,0.75,output_folder__thegym_arms_600s_oneshot2_moved_foldersclustercc326_p807_t0_1787512464.259396_p30_st1_ct8_fr154.mp4,15.367,[32]
cc328_p232_t0,"{'background_hsv_bins': [], 'object_hsv_bins': []}",232,1444,1080,1.337,output_folder__thegym_arms_600s_oneshot2_moved_foldersclustercc328_p232_t0_1787512553.199738_p31_st1_ct8_fr186.mp4,18.567,[37]
cc328_p310_t0,"{'background_hsv_bins': [], 'object_hsv_bins': []}",310,1444,1080,1.337,output_folder__thegym_arms_600s_oneshot2_moved_foldersclustercc328_p310_t0_1787512555.65982_p35_st1_ct8_fr179.mp4,17.867,[86]
cc329_p206_t0,"{'background_hsv_bins': [], 'object_hsv_bins': []}",206,810,1080,0.75,output_folder__thegym_arms_600s_oneshot2_moved_foldersclustercc329_p206_t0_1787512581.423479_p30_st1_ct8_fr184.mp4,18.367,[84]
cc330_p310_t0,"{'background_hsv_bins': [], 'object_hsv_bins': []}",310,1262,1080,1.169,output_folder__thegym_arms_600s_oneshot2_moved_foldersclustercc330_p310_t0_1787512670.734869_p31_st1_ct8_fr189.mp4,18.867,[86]
cc335_p118_t0,"{'background_hsv_bins': [], 'object_hsv_bins': []}",118,862,1080,0.798,output_folder__thegym_arms_600s_oneshot2_moved_foldersclustercc335_p118_t0_1787512690.247906_p31_st1_ct8_fr190.mp4,18.967,[39]
cc335_p1_t0_om1,"{'background_hsv_bins': [], 'object_hsv_bins': [1]}",1,924,1080,0.856,output_folder__thegym_arms_600s_oneshot2_moved_foldersclustercc335_p1_t0_om1_1787512787.8758662_p30_st1_ct8_fr585.mp4,58.467,[]
cc335_p355_t0,"{'background_hsv_bins': [], 'object_hsv_bins': []}",355,862,1080,0.798,output_folder__thegym_arms_600s_oneshot2_moved_foldersclustercc335_p355_t0_1787512838.8848598_p34_st1_ct8_fr136.mp4,13.567,[86]
cc335_p7_t0,"{'background_hsv_bins': [], 'object_hsv_bins': []}",7,810,1080,0.75,output_folder__thegym_arms_600s_oneshot2_moved_foldersclustercc335_p7_t0_1787512883.589747_p34_st1_ct8_fr139.mp4,13.867,[67]
cc336_p604_t0,"{'background_hsv_bins': [], 'object_hsv_bins': []}",604,718,1080,0.665,output_folder__thegym_arms_600s_oneshot2_moved_foldersclustercc336_p604_t0_1787512951.145178_p30_st1_ct8_fr151.mp4,15.067,[39]
cc337_p1_t0_om1,"{'background_hsv_bins': [], 'object_hsv_bins': [1]}",1,1262,1080,1.169,output_folder__thegym_arms_600s_oneshot2_moved_foldersclustercc337_p1_t0_om1_1787512965.609783_p30_st1_ct8_fr573.mp4,57.267,[]
cc337_p310_t0,"{'background_hsv_bins': [], 'object_hsv_bins': []}",310,1354,1080,1.254,output_folder__thegym_arms_600s_oneshot2_moved_foldersclustercc337_p310_t0_1787512999.0900621_p30_st1_ct8_fr308.mp4,30.767,[86]
cc339_p217_t0,"{'background_hsv_bins': [], 'object_hsv_bins': []}",217,810,1080,0.75,output_folder__thegym_arms_600s_oneshot2_moved_foldersclustercc339_p217_t0_1787513081.365761_p36_st1_ct8_fr144.mp4,14.367,[1]
cc33_p281_t0,"{'background_hsv_bins': [], 'object_hsv_bins': []}",281,1262,1080,1.169,output_folder__thegym_arms_600s_oneshot2_moved_foldersclustercc33_p281_t0_1787513091.772034_p38_st1_ct8_fr114.mp4,11.367,[37]
cc340_p118_t0,"{'background_hsv_bins': [], 'object_hsv_bins': []}",118,862,1080,0.798,output_folder__thegym_arms_600s_oneshot2_moved_foldersclustercc340_p118_t0_1787513108.383863_p31_st1_ct8_fr188.mp4,18.767,[39]
cc342_p1_t0_om1,"{'background_hsv_bins': [], 'object_hsv_bins': [1]}",1,924,1080,0.856,output_folder__thegym_arms_600s_oneshot2_moved_foldersclustercc342_p1_t0_om1_1787513133.419298_p30_st1_ct8_fr571.mp4,57.067,[]
cc345_p310_t0,"{'background_hsv_bins': [], 'object_hsv_bins': []}",310,1262,1080,1.169,output_folder__thegym_arms_600s_oneshot2_moved_foldersclustercc345_p310_t0_1787513143.757418_p33_st1_ct8_fr198.mp4,19.767,[86]
cc350_p1_t0_om1,"{'background_hsv_bins': [], 'object_hsv_bins': [1]}",1,924,1080,0.856,output_folder__thegym_arms_600s_oneshot2_moved_foldersclustercc350_p1_t0_om1_1787513190.513886_p30_st1_ct8_fr573.mp4,57.267,[]
cc350_p1_t0_om2,"{'background_hsv_bins': [], 'object_hsv_bins': [2]}",1,862,1080,0.798,output_folder__thegym_arms_600s_oneshot2_moved_foldersclustercc350_p1_t0_om2_1787513260.822442_p31_st1_ct8_fr564.mp4,56.367,[]
cc350_p604_t0,"{'background_hsv_bins': [], 'object_hsv_bins': []}",604,810,1080,0.75,output_folder__thegym_arms_600s_oneshot2_moved_foldersclustercc350_p604_t0_1787513381.5812008_p30_st1_ct8_fr151.mp4,15.067,[39]
cc353_p1_t0,"{'background_hsv_bins': [], 'object_hsv_bins': []}",1,1262,1080,1.169,output_folder__thegym_arms_600s_oneshot2_moved_foldersclustercc353_p1_t0_1787513453.702089_p30_st1_ct8_fr301.mp4,30.067,[]
cc356_p217_t0,"{'background_hsv_bins': [], 'object_hsv_bins': []}",217,862,1080,0.798,output_folder__thegym_arms_600s_oneshot2_moved_foldersclustercc356_p217_t0_1787513538.040895_p33_st1_ct8_fr198.mp4,19.767,[1]
cc357_p1_t0,"{'background_hsv_bins': [], 'object_hsv_bins': []}",1,1080,1080,1.0,output_folder__thegym_arms_600s_oneshot2_moved_foldersclustercc357_p1_t0_1787513550.5509472_p31_st1_ct8_fr535.mp4,53.467,[]
cc358_p1_t0_om1,"{'background_hsv_bins': [], 'object_hsv_bins': [1]}",1,1262,1080,1.169,output_folder__thegym_arms_600s_oneshot2_moved_foldersclustercc358_p1_t0_om1_1787513563.364269_p30_st1_ct8_fr588.mp4,58.767,[]
cc359_p1_t0_om1,"{'background_hsv_bins': [], 'object_hsv_bins': [1]}",1,810,1080,0.75,output_folder__thegym_arms_600s_oneshot2_moved_foldersclustercc359_p1_t0_om1_1787513770.088931_p30_st1_ct8_fr580.mp4,57.967,[]
cc360_p355_t0,"{'background_hsv_bins': [], 'object_hsv_bins': []}",355,718,1080,0.665,output_folder__thegym_arms_600s_oneshot2_moved_foldersclustercc360_p355_t0_1787514345.3556428_p30_st1_ct8_fr154.mp4,15.367,[86]
cc39_p310_t0,"{'background_hsv_bins': [], 'object_hsv_bins': []}",310,1444,1080,1.337,output_folder__thegym_arms_600s_oneshot2_moved_foldersclustercc39_p310_t0_1787516485.361633_p32_st1_ct8_fr193.mp4,19.267,[86]
cc40_p1_t0_om1,"{'background_hsv_bins': [], 'object_hsv_bins': [1]}",1,1262,1080,1.169,output_folder__thegym_arms_600s_oneshot2_moved_foldersclustercc40_p1_t0_om1_1787516666.038541_p30_st1_ct8_fr588.mp4,58.767,[]
cc41_p1_t0_om1,"{'background_hsv_bins': [], 'object_hsv_bins': [1]}",1,1354,1080,1.254,output_folder__thegym_arms_600s_oneshot2_moved_foldersclustercc41_p1_t0_om1_1787517494.465025_p30_st1_ct8_fr587.mp4,58.667,[]
cc42_p1_t0_om1,"{'background_hsv_bins': [], 'object_hsv_bins': [1]}",1,924,1080,0.856,output_folder__thegym_arms_600s_oneshot2_moved_foldersclustercc42_p1_t0_om1_1787517844.151577_p30_st1_ct8_fr582.mp4,58.167,[]
cc46_p116_t0,"{'background_hsv_bins': [], 'object_hsv_bins': []}",116,810,1080,0.75,output_folder__thegym_arms_600s_oneshot2_moved_foldersclustercc46_p116_t0_1787520649.5481422_p31_st1_ct8_fr191.mp4,19.067,[37]
cc46_p232_t0,"{'background_hsv_bins': [], 'object_hsv_bins': []}",232,1354,1080,1.254,output_folder__thegym_arms_600s_oneshot2_moved_foldersclustercc46_p232_t0_1787520656.834212_p34_st1_ct8_fr139.mp4,13.867,[37]
cc46_p310_t0,"{'background_hsv_bins': [], 'object_hsv_bins': []}",310,1080,1080,1.0,output_folder__thegym_arms_600s_oneshot2_moved_foldersclustercc46_p310_t0_1787520878.048436_p30_st1_ct8_fr306.mp4,30.567,[86]
cc46_p807_t0,"{'background_hsv_bins': [], 'object_hsv_bins': []}",807,862,1080,0.798,output_folder__thegym_arms_600s_oneshot2_moved_foldersclustercc46_p807_t0_1787520908.3895838_p30_st1_ct8_fr182.mp4,18.167,[32]
cc47_p310_t0,"{'background_hsv_bins': [], 'object_hsv_bins': []}",310,1080,1080,1.0,output_folder__thegym_arms_600s_oneshot2_moved_foldersclustercc47_p310_t0_1787521298.833877_p31_st1_ct8_fr188.mp4,18.767,[86]
cc47_p7_t0,"{'background_hsv_bins': [], 'object_hsv_bins': []}",7,1080,1080,1.0,output_folder__thegym_arms_600s_oneshot2_moved_foldersclustercc47_p7_t0_1787521357.246498_p34_st1_ct8_fr172.mp4,17.167,[67]
cc4_p7_t0,"{'background_hsv_bins': [], 'object_hsv_bins': []}",7,1080,1080,1.0,output_folder__thegym_arms_600s_oneshot2_moved_foldersclustercc4_p7_t0_1787522254.337387_p30_st1_ct8_fr151.mp4,15.067,[67]
cc50_p1_t0_om1,"{'background_hsv_bins': [], 'object_hsv_bins': [1]}",1,1080,1080,1.0,output_folder__thegym_arms_600s_oneshot2_moved_foldersclustercc50_p1_t0_om1_1787522936.636299_p30_st1_ct8_fr580.mp4,57.967,[]
cc51_p1_t0_om1,"{'background_hsv_bins': [], 'object_hsv_bins': [1]}",1,810,1080,0.75,output_folder__thegym_arms_600s_oneshot2_moved_foldersclustercc51_p1_t0_om1_1787524224.823585_p31_st1_ct8_fr569.mp4,56.867,[]
cc56_p206_t0,"{'background_hsv_bins': [], 'object_hsv_bins': []}",206,810,1080,0.75,output_folder__thegym_arms_600s_oneshot2_moved_foldersclustercc56_p206_t0_1787526462.2614222_p33_st1_ct8_fr133.mp4,13.267,[84]
cc56_p58_t0,"{'background_hsv_bins': [], 'object_hsv_bins': []}",58,924,1080,0.856,output_folder__thegym_arms_600s_oneshot2_moved_foldersclustercc56_p58_t0_1787526484.21287_p34_st1_ct8_fr172.mp4,17.167,[67]
cc57_p1_t0_om1,"{'background_hsv_bins': [], 'object_hsv_bins': [1]}",1,810,1080,0.75,output_folder__thegym_arms_600s_oneshot2_moved_foldersclustercc57_p1_t0_om1_1787527537.843255_p30_st1_ct8_fr576.mp4,57.567,[]
cc57_p1_t0_om2,"{'background_hsv_bins': [], 'object_hsv_bins': [2]}",1,810,1080,0.75,output_folder__thegym_arms_600s_oneshot2_moved_foldersclustercc57_p1_t0_om2_1787527770.396381_p30_st1_ct8_fr576.mp4,57.567,[]
cc58_p1_t0_om1,"{'background_hsv_bins': [], 'object_hsv_bins': [1]}",1,924,1080,0.856,output_folder__thegym_arms_600s_oneshot2_moved_foldersclustercc58_p1_t0_om1_1787527971.196436_p30_st1_ct8_fr578.mp4,57.767,[]
cc64_p174_t0,"{'background_hsv_bins': [], 'object_hsv_bins': []}",174,1262,1080,1.169,output_folder__thegym_arms_600s_oneshot2_moved_foldersclustercc64_p174_t0_1787530873.709109_p34_st1_ct8_fr138.mp4,13.767,[59]
cc64_p95_t0,"{'background_hsv_bins': [], 'object_hsv_bins': []}",95,1444,1080,1.337,output_folder__thegym_arms_600s_oneshot2_moved_foldersclustercc64_p95_t0_1787530917.22089_p30_st1_ct8_fr185.mp4,18.467,[57]
cc66_p1_t0_om1,"{'background_hsv_bins': [], 'object_hsv_bins': [1]}",1,1262,1080,1.169,output_folder__thegym_arms_600s_oneshot2_moved_foldersclustercc66_p1_t0_om1_1787531521.76894_p30_st1_ct8_fr585.mp4,58.467,[]
cc69_p1_t0_om1,"{'background_hsv_bins': [], 'object_hsv_bins': [1]}",1,718,1080,0.665,output_folder__thegym_arms_600s_oneshot2_moved_foldersclustercc69_p1_t0_om1_1787532819.656694_p30_st1_ct8_fr587.mp4,58.667,[]
cc69_p7_t0,"{'background_hsv_bins': [], 'object_hsv_bins': []}",7,810,1080,0.75,output_folder__thegym_arms_600s_oneshot2_moved_foldersclustercc69_p7_t0_1787532994.405129_p31_st1_ct8_fr188.mp4,18.767,[67]
cc71_p1_t0_om1,"{'background_hsv_bins': [], 'object_hsv_bins': [1]}",1,1080,1080,1.0,output_folder__thegym_arms_600s_oneshot2_moved_foldersclustercc71_p1_t0_om1_1787533894.057589_p30_st1_ct8_fr572.mp4,57.167,[]
cc71_p217_t0,"{'background_hsv_bins': [], 'object_hsv_bins': []}",217,862,1080,0.798,output_folder__thegym_arms_600s_oneshot2_moved_foldersclustercc71_p217_t0_1787533908.45201_p32_st1_ct8_fr129.mp4,12.867,[1]
cc74_p11_t0,"{'background_hsv_bins': [], 'object_hsv_bins': []}",11,1080,1080,1.0,output_folder__thegym_arms_600s_oneshot2_moved_foldersclustercc74_p11_t0_1787535307.87698_p37_st1_ct8_fr148.mp4,14.767,[63]
cc76_p1_t0_om1,"{'background_hsv_bins': [], 'object_hsv_bins': [1]}",1,1354,1080,1.254,output_folder__thegym_arms_600s_oneshot2_moved_foldersclustercc76_p1_t0_om1_1787535637.887244_p30_st1_ct8_fr578.mp4,57.767,[]
cc79_p1_t0_om1,"{'background_hsv_bins': [], 'object_hsv_bins': [1]}",1,718,1080,0.665,output_folder__thegym_arms_600s_oneshot2_moved_foldersclustercc79_p1_t0_om1_1787535723.98536_p30_st1_ct8_fr575.mp4,57.467,[]
cc79_p1_t0_om2,"{'background_hsv_bins': [], 'object_hsv_bins': [2]}",1,718,1080,0.665,output_folder__thegym_arms_600s_oneshot2_moved_foldersclustercc79_p1_t0_om2_1787535776.631955_p30_st1_ct8_fr575.mp4,57.467,[]
cc79_p1_t0_om3,"{'background_hsv_bins': [], 'object_hsv_bins': [3]}",1,718,1080,0.665,output_folder__thegym_arms_600s_oneshot2_moved_foldersclustercc79_p1_t0_om3_1787535925.253518_p30_st1_ct8_fr582.mp4,58.167,[]
cc79_p1_t0_om4,"{'background_hsv_bins': [], 'object_hsv_bins': [4]}",1,718,1080,0.665,output_folder__thegym_arms_600s_oneshot2_moved_foldersclustercc79_p1_t0_om4_1787535974.540662_p30_st1_ct8_fr574.mp4,57.367,[]
cc81_p15_t0,"{'background_hsv_bins': [], 'object_hsv_bins': []}",15,718,1080,0.665,output_folder__thegym_arms_600s_oneshot2_moved_foldersclustercc81_p15_t0_1787536115.8004968_p31_st1_ct8_fr159.mp4,15.867,[27]
cc81_p217_t0,"{'background_hsv_bins': [], 'object_hsv_bins': []}",217,924,1080,0.856,output_folder__thegym_arms_600s_oneshot2_moved_foldersclustercc81_p217_t0_1787536498.650406_p32_st1_ct8_fr163.mp4,16.267,[1]
cc81_p310_t0,"{'background_hsv_bins': [], 'object_hsv_bins': []}",310,924,1080,0.856,output_folder__thegym_arms_600s_oneshot2_moved_foldersclustercc81_p310_t0_1787536547.087323_p31_st1_ct8_fr186.mp4,18.567,[86]
cc84_p310_t0,"{'background_hsv_bins': [], 'object_hsv_bins': []}",310,1080,1080,1.0,output_folder__thegym_arms_600s_oneshot2_moved_foldersclustercc84_p310_t0_1787536567.651726_p30_st1_ct8_fr210.mp4,20.967,[86]
cc89_p1_t0_om1,"{'background_hsv_bins': [], 'object_hsv_bins': [1]}",1,1080,1080,1.0,output_folder__thegym_arms_600s_oneshot2_moved_foldersclustercc89_p1_t0_om1_1787536585.066777_p30_st1_ct8_fr578.mp4,57.767,[]
cc92_p217_t0,"{'background_hsv_bins': [], 'object_hsv_bins': []}",217,810,1080,0.75,output_folder__thegym_arms_600s_oneshot2_moved_foldersclustercc92_p217_t0_1787536602.587172_p30_st1_ct8_fr181.mp4,18.067,[1]
cc92_p807_t0,"{'background_hsv_bins': [], 'object_hsv_bins': []}",807,718,1080,0.665,output_folder__thegym_arms_600s_oneshot2_moved_foldersclustercc92_p807_t0_1787536869.892193_p31_st1_ct8_fr220.mp4,21.967,[32]
cc95_p118_t0,"{'background_hsv_bins': [], 'object_hsv_bins': []}",118,924,1080,0.856,output_folder__thegym_arms_600s_oneshot2_moved_foldersclustercc95_p118_t0_1787536898.8520901_p30_st1_ct8_fr154.mp4,15.367,[39]
cc95_p1_t0_om1,"{'background_hsv_bins': [], 'object_hsv_bins': [1]}",1,862,1080,0.798,output_folder__thegym_arms_600s_oneshot2_moved_foldersclustercc95_p1_t0_om1_1787536969.7088268_p30_st1_ct8_fr571.mp4,57.067,[]
cc97_p310_t0,"{'background_hsv_bins': [], 'object_hsv_bins': []}",310,718,1080,0.665,output_folder__thegym_arms_600s_oneshot2_moved_foldersclustercc97_p310_t0_1787537029.9052422_p32_st1_ct8_fr161.mp4,16.067,[86]
